stream,policy,requested_accuracy,achieved_accuracy,read_latency_ns,total_ns,stall_ns,demand_misses,prefetch_issued,prefetch_hits,prefetch_wasted,speedup_over_no_prefetch,recovered_fraction
sequential,none,0.0,0.0,1000,100000000,20000000,20000,0,0,0,1.0,0.0
sequential,next_page,1.0,0.99995,1000,80001000,1000,1,20000,19999,1,1.249984,0.99995
sequential,accuracy,0.0,0.0,1000,100000000,20000000,20000,19992,0,19992,1.0,0.0
sequential,accuracy,0.1,0.095438,1000,98092000,18092000,18092,19992,1908,18084,1.019451,0.0954
sequential,accuracy,0.2,0.198179,1000,96038000,16038000,16038,19992,3962,16030,1.041255,0.1981
sequential,accuracy,0.3,0.303621,1000,93930000,13930000,13930,19992,6070,13922,1.064623,0.3035
sequential,accuracy,0.4,0.403561,1000,91932000,11932000,11932,19992,8068,11924,1.087761,0.4034
sequential,accuracy,0.5,0.50095,1000,89985000,9985000,9985,19992,10015,9977,1.111296,0.50075
sequential,accuracy,0.6,0.602291,1000,87959000,7959000,7959,19992,12041,7951,1.136893,0.60205
sequential,accuracy,0.7,0.70118,1000,85982000,5982000,5982,19992,14018,5974,1.163034,0.7009
sequential,accuracy,0.8,0.80087,1000,83989000,3989000,3989,19992,16011,3981,1.190632,0.80055
sequential,accuracy,0.9,0.90051,1000,81997000,1997000,1997,19992,18003,1989,1.219557,0.90015
sequential,accuracy,0.95,0.94978,1000,81012000,1012000,1012,19992,18988,1004,1.234385,0.9494
sequential,accuracy,1.0,1.0,1000,80008000,8000,8,19992,19992,0,1.249875,0.9996
sequential,none,0.0,0.0,2000,120000000,40000000,20000,0,0,0,1.0,0.0
sequential,next_page,1.0,0.99995,2000,80002000,2000,1,20000,19999,1,1.499963,0.99995
sequential,accuracy,0.0,0.0,2000,120000000,40000000,20000,19992,0,19992,1.0,0.0
sequential,accuracy,0.1,0.095438,2000,116184000,36184000,18092,19992,1908,18084,1.032844,0.0954
sequential,accuracy,0.2,0.198179,2000,112076000,32076000,16038,19992,3962,16030,1.070702,0.1981
sequential,accuracy,0.3,0.303621,2000,107860000,27860000,13930,19992,6070,13922,1.112553,0.3035
sequential,accuracy,0.4,0.403561,2000,103864000,23864000,11932,19992,8068,11924,1.155357,0.4034
sequential,accuracy,0.5,0.50095,2000,99970000,19970000,9985,19992,10015,9977,1.20036,0.50075
sequential,accuracy,0.6,0.602291,2000,95918000,15918000,7959,19992,12041,7951,1.251069,0.60205
sequential,accuracy,0.7,0.70118,2000,91964000,11964000,5982,19992,14018,5974,1.304858,0.7009
sequential,accuracy,0.8,0.80087,2000,87978000,7978000,3989,19992,16011,3981,1.363977,0.80055
sequential,accuracy,0.9,0.90051,2000,83994000,3994000,1997,19992,18003,1989,1.428673,0.90015
sequential,accuracy,0.95,0.94978,2000,82024000,2024000,1012,19992,18988,1004,1.462986,0.9494
sequential,accuracy,1.0,1.0,2000,80016000,16000,8,19992,19992,0,1.4997,0.9996
sequential,none,0.0,0.0,4000,160000000,80000000,20000,0,0,0,1.0,0.0
sequential,next_page,1.0,0.99995,4000,80004000,4000,1,20000,19999,1,1.9999,0.99995
sequential,accuracy,0.0,0.0,4000,160000000,80000000,20000,19992,0,19992,1.0,0.0
sequential,accuracy,0.1,0.095438,4000,152368000,72368000,18092,19992,1908,18084,1.050089,0.0954
sequential,accuracy,0.2,0.198179,4000,144152000,64152000,16038,19992,3962,16030,1.10994,0.1981
sequential,accuracy,0.3,0.303621,4000,135720000,55720000,13930,19992,6070,13922,1.178898,0.3035
sequential,accuracy,0.4,0.403561,4000,127728000,47728000,11932,19992,8068,11924,1.252662,0.4034
sequential,accuracy,0.5,0.50095,4000,119940000,39940000,9985,19992,10015,9977,1.334,0.50075
sequential,accuracy,0.6,0.602291,4000,111836000,31836000,7959,19992,12041,7951,1.430666,0.60205
sequential,accuracy,0.7,0.70118,4000,103928000,23928000,5982,19992,14018,5974,1.539527,0.7009
sequential,accuracy,0.8,0.80087,4000,95956000,15956000,3989,19992,16011,3981,1.667431,0.80055
sequential,accuracy,0.9,0.90051,4000,87988000,7988000,1997,19992,18003,1989,1.81843,0.90015
sequential,accuracy,0.95,0.94978,4000,84048000,4048000,1012,19992,18988,1004,1.903674,0.9494
sequential,accuracy,1.0,1.0,4000,80032000,32000,8,19992,19992,0,1.9992,0.9996
sequential,none,0.0,0.0,5000,180000000,100000000,20000,0,0,0,1.0,0.0
sequential,next_page,1.0,0.99995,5000,90004000,10004000,1,20000,19999,1,1.999911,0.89996
sequential,accuracy,0.0,0.0,5000,180000000,100000000,20000,19992,0,19992,1.0,0.0
sequential,accuracy,0.1,0.095438,5000,170460000,90460000,18092,19992,1908,18084,1.055966,0.0954
sequential,accuracy,0.2,0.198179,5000,160190000,80190000,16038,19992,3962,16030,1.123666,0.1981
sequential,accuracy,0.3,0.303621,5000,149650000,69650000,13930,19992,6070,13922,1.202807,0.3035
sequential,accuracy,0.4,0.403561,5000,139660000,59660000,11932,19992,8068,11924,1.288844,0.4034
sequential,accuracy,0.5,0.50095,5000,129925000,49925000,9985,19992,10015,9977,1.385415,0.50075
sequential,accuracy,0.6,0.602291,5000,119795000,39795000,7959,19992,12041,7951,1.502567,0.60205
sequential,accuracy,0.7,0.70118,5000,109910000,29910000,5982,19992,14018,5974,1.637704,0.7009
sequential,accuracy,0.8,0.80087,5000,99945000,19945000,3989,19992,16011,3981,1.800991,0.80055
sequential,accuracy,0.9,0.90051,5000,89985000,9985000,1997,19992,18003,1989,2.000333,0.90015
sequential,accuracy,0.95,0.94978,5000,85060000,5060000,1012,19992,18988,1004,2.116153,0.9494
sequential,accuracy,1.0,1.0,5000,80040000,40000,8,19992,19992,0,2.248876,0.9996
sequential,none,0.0,0.0,10000,280000000,200000000,20000,0,0,0,1.0,0.0
sequential,next_page,1.0,0.99995,10000,140004000,60004000,1,20000,19999,1,1.999943,0.69998
sequential,accuracy,0.0,0.0,10000,280000000,200000000,20000,19992,0,19992,1.0,0.0
sequential,accuracy,0.1,0.095438,10000,260920000,180920000,18092,19992,1908,18084,1.073126,0.0954
sequential,accuracy,0.2,0.198179,10000,240380000,160380000,16038,19992,3962,16030,1.164822,0.1981
sequential,accuracy,0.3,0.303621,10000,219300000,139300000,13930,19992,6070,13922,1.27679,0.3035
sequential,accuracy,0.4,0.403561,10000,199320000,119320000,11932,19992,8068,11924,1.404776,0.4034
sequential,accuracy,0.5,0.50095,10000,179850000,99850000,9985,19992,10015,9977,1.556853,0.50075
sequential,accuracy,0.6,0.602291,10000,159590000,79590000,7959,19992,12041,7951,1.754496,0.60205
sequential,accuracy,0.7,0.70118,10000,139820000,59820000,5982,19992,14018,5974,2.002575,0.7009
sequential,accuracy,0.8,0.80087,10000,119890000,39890000,3989,19992,16011,3981,2.335474,0.80055
sequential,accuracy,0.9,0.90051,10000,99970000,19970000,1997,19992,18003,1989,2.80084,0.90015
sequential,accuracy,0.95,0.94978,10000,90120000,10120000,1012,19992,18988,1004,3.106968,0.9494
sequential,accuracy,1.0,1.0,10000,80080000,80000,8,19992,19992,0,3.496503,0.9996
sequential,none,0.0,0.0,20000,480000000,400000000,20000,0,0,0,1.0,0.0
sequential,next_page,1.0,0.99995,20000,240004000,160004000,1,20000,19999,1,1.999967,0.59999
sequential,accuracy,0.0,0.0,20000,480000000,400000000,20000,19992,0,19992,1.0,0.0
sequential,accuracy,0.1,0.095438,20000,441840000,361840000,18092,19992,1908,18084,1.086366,0.0954
sequential,accuracy,0.2,0.198179,20000,400760000,320760000,16038,19992,3962,16030,1.197724,0.1981
sequential,accuracy,0.3,0.303621,20000,358600000,278600000,13930,19992,6070,13922,1.338539,0.3035
sequential,accuracy,0.4,0.403561,20000,318640000,238640000,11932,19992,8068,11924,1.506402,0.4034
sequential,accuracy,0.5,0.50095,20000,279700000,199700000,9985,19992,10015,9977,1.716124,0.50075
sequential,accuracy,0.6,0.602291,20000,239180000,159180000,7959,19992,12041,7951,2.006857,0.60205
sequential,accuracy,0.7,0.70118,20000,199640000,119640000,5982,19992,14018,5974,2.404328,0.7009
sequential,accuracy,0.8,0.80087,20000,159780000,79780000,3989,19992,16011,3981,3.004131,0.80055
sequential,accuracy,0.9,0.90051,20000,119940000,39940000,1997,19992,18003,1989,4.002001,0.90015
sequential,accuracy,0.95,0.94978,20000,100240000,20240000,1012,19992,18988,1004,4.788508,0.9494
sequential,accuracy,1.0,1.0,20000,80160000,160000,8,19992,19992,0,5.988024,0.9996
random,none,0.0,0.0,1000,100000000,20000000,20000,0,0,0,1.0,0.0
random,next_page,0.0004,0.00035,1000,99993000,19993000,19993,19993,7,19986,1.00007,0.00035
random,accuracy,0.0,0.0,1000,100000000,20000000,20000,19992,0,19992,1.0,0.0
random,accuracy,0.1,0.095438,1000,98092000,18092000,18092,19992,1908,18084,1.019451,0.0954
random,accuracy,0.2,0.198179,1000,96038000,16038000,16038,19992,3962,16030,1.041255,0.1981
random,accuracy,0.3,0.303621,1000,93930000,13930000,13930,19992,6070,13922,1.064623,0.3035
random,accuracy,0.4,0.403561,1000,91932000,11932000,11932,19992,8068,11924,1.087761,0.4034
random,accuracy,0.5,0.50095,1000,89985000,9985000,9985,19992,10015,9977,1.111296,0.50075
random,accuracy,0.6,0.602291,1000,87959000,7959000,7959,19992,12041,7951,1.136893,0.60205
random,accuracy,0.7,0.70118,1000,85982000,5982000,5982,19992,14018,5974,1.163034,0.7009
random,accuracy,0.8,0.80087,1000,83989000,3989000,3989,19992,16011,3981,1.190632,0.80055
random,accuracy,0.9,0.900505,1000,81998000,1998000,1998,19991,18002,1989,1.219542,0.9001
random,accuracy,0.95,0.949777,1000,81013000,1013000,1013,19991,18987,1004,1.23437,0.94935
random,accuracy,1.0,1.0,1000,80009000,9000,9,19991,19991,0,1.249859,0.99955
random,none,0.0,0.0,2000,120000000,40000000,20000,0,0,0,1.0,0.0
random,next_page,0.0004,0.00035,2000,119986000,39986000,19993,19993,7,19986,1.000117,0.00035
random,accuracy,0.0,0.0,2000,120000000,40000000,20000,19992,0,19992,1.0,0.0
random,accuracy,0.1,0.095438,2000,116184000,36184000,18092,19992,1908,18084,1.032844,0.0954
random,accuracy,0.2,0.198179,2000,112076000,32076000,16038,19992,3962,16030,1.070702,0.1981
random,accuracy,0.3,0.303621,2000,107860000,27860000,13930,19992,6070,13922,1.112553,0.3035
random,accuracy,0.4,0.403561,2000,103864000,23864000,11932,19992,8068,11924,1.155357,0.4034
random,accuracy,0.5,0.50095,2000,99970000,19970000,9985,19992,10015,9977,1.20036,0.50075
random,accuracy,0.6,0.602291,2000,95918000,15918000,7959,19992,12041,7951,1.251069,0.60205
random,accuracy,0.7,0.70118,2000,91964000,11964000,5982,19992,14018,5974,1.304858,0.7009
random,accuracy,0.8,0.80087,2000,87978000,7978000,3989,19992,16011,3981,1.363977,0.80055
random,accuracy,0.9,0.900505,2000,83996000,3996000,1998,19991,18002,1989,1.428639,0.9001
random,accuracy,0.95,0.949777,2000,82026000,2026000,1013,19991,18987,1004,1.462951,0.94935
random,accuracy,1.0,1.0,2000,80018000,18000,9,19991,19991,0,1.499663,0.99955
random,none,0.0,0.0,4000,160000000,80000000,20000,0,0,0,1.0,0.0
random,next_page,0.0004,0.00035,4000,159972000,79972000,19993,19993,7,19986,1.000175,0.00035
random,accuracy,0.0,0.0,4000,160000000,80000000,20000,19992,0,19992,1.0,0.0
random,accuracy,0.1,0.095438,4000,152368000,72368000,18092,19992,1908,18084,1.050089,0.0954
random,accuracy,0.2,0.198179,4000,144152000,64152000,16038,19992,3962,16030,1.10994,0.1981
random,accuracy,0.3,0.303621,4000,135720000,55720000,13930,19992,6070,13922,1.178898,0.3035
random,accuracy,0.4,0.403561,4000,127728000,47728000,11932,19992,8068,11924,1.252662,0.4034
random,accuracy,0.5,0.50095,4000,119940000,39940000,9985,19992,10015,9977,1.334,0.50075
random,accuracy,0.6,0.602291,4000,111836000,31836000,7959,19992,12041,7951,1.430666,0.60205
random,accuracy,0.7,0.70118,4000,103928000,23928000,5982,19992,14018,5974,1.539527,0.7009
random,accuracy,0.8,0.80087,4000,95956000,15956000,3989,19992,16011,3981,1.667431,0.80055
random,accuracy,0.9,0.900505,4000,87992000,7992000,1998,19991,18002,1989,1.818347,0.9001
random,accuracy,0.95,0.949777,4000,84052000,4052000,1013,19991,18987,1004,1.903583,0.94935
random,accuracy,1.0,1.0,4000,80036000,36000,9,19991,19991,0,1.9991,0.99955
random,none,0.0,0.0,5000,180000000,100000000,20000,0,0,0,1.0,0.0
random,next_page,0.0004,0.00035,5000,179965000,99965000,19993,19993,7,19986,1.000194,0.00035
random,accuracy,0.0,0.0,5000,180000000,100000000,20000,19992,0,19992,1.0,0.0
random,accuracy,0.1,0.095438,5000,170460000,90460000,18092,19992,1908,18084,1.055966,0.0954
random,accuracy,0.2,0.198179,5000,160190000,80190000,16038,19992,3962,16030,1.123666,0.1981
random,accuracy,0.3,0.303621,5000,149650000,69650000,13930,19992,6070,13922,1.202807,0.3035
random,accuracy,0.4,0.403561,5000,139660000,59660000,11932,19992,8068,11924,1.288844,0.4034
random,accuracy,0.5,0.50095,5000,129925000,49925000,9985,19992,10015,9977,1.385415,0.50075
random,accuracy,0.6,0.602291,5000,119795000,39795000,7959,19992,12041,7951,1.502567,0.60205
random,accuracy,0.7,0.70118,5000,109910000,29910000,5982,19992,14018,5974,1.637704,0.7009
random,accuracy,0.8,0.80087,5000,99945000,19945000,3989,19992,16011,3981,1.800991,0.80055
random,accuracy,0.9,0.900505,5000,89990000,9990000,1998,19991,18002,1989,2.000222,0.9001
random,accuracy,0.95,0.949777,5000,85065000,5065000,1013,19991,18987,1004,2.116029,0.94935
random,accuracy,1.0,1.0,5000,80045000,45000,9,19991,19991,0,2.248735,0.99955
random,none,0.0,0.0,10000,280000000,200000000,20000,0,0,0,1.0,0.0
random,next_page,0.0004,0.00035,10000,279930000,199930000,19993,19993,7,19986,1.00025,0.00035
random,accuracy,0.0,0.0,10000,280000000,200000000,20000,19992,0,19992,1.0,0.0
random,accuracy,0.1,0.095438,10000,260920000,180920000,18092,19992,1908,18084,1.073126,0.0954
random,accuracy,0.2,0.198179,10000,240380000,160380000,16038,19992,3962,16030,1.164822,0.1981
random,accuracy,0.3,0.303621,10000,219300000,139300000,13930,19992,6070,13922,1.27679,0.3035
random,accuracy,0.4,0.403561,10000,199320000,119320000,11932,19992,8068,11924,1.404776,0.4034
random,accuracy,0.5,0.50095,10000,179850000,99850000,9985,19992,10015,9977,1.556853,0.50075
random,accuracy,0.6,0.602291,10000,159590000,79590000,7959,19992,12041,7951,1.754496,0.60205
random,accuracy,0.7,0.70118,10000,139820000,59820000,5982,19992,14018,5974,2.002575,0.7009
random,accuracy,0.8,0.80087,10000,119890000,39890000,3989,19992,16011,3981,2.335474,0.80055
random,accuracy,0.9,0.900505,10000,99980000,19980000,1998,19991,18002,1989,2.80056,0.9001
random,accuracy,0.95,0.949777,10000,90130000,10130000,1013,19991,18987,1004,3.106624,0.94935
random,accuracy,1.0,1.0,10000,80090000,90000,9,19991,19991,0,3.496067,0.99955
random,none,0.0,0.0,20000,480000000,400000000,20000,0,0,0,1.0,0.0
random,next_page,0.0004,0.00035,20000,479860000,399860000,19993,19993,7,19986,1.000292,0.00035
random,accuracy,0.0,0.0,20000,480000000,400000000,20000,19992,0,19992,1.0,0.0
random,accuracy,0.1,0.095438,20000,441840000,361840000,18092,19992,1908,18084,1.086366,0.0954
random,accuracy,0.2,0.198179,20000,400760000,320760000,16038,19992,3962,16030,1.197724,0.1981
random,accuracy,0.3,0.303621,20000,358600000,278600000,13930,19992,6070,13922,1.338539,0.3035
random,accuracy,0.4,0.403561,20000,318640000,238640000,11932,19992,8068,11924,1.506402,0.4034
random,accuracy,0.5,0.50095,20000,279700000,199700000,9985,19992,10015,9977,1.716124,0.50075
random,accuracy,0.6,0.602291,20000,239180000,159180000,7959,19992,12041,7951,2.006857,0.60205
random,accuracy,0.7,0.70118,20000,199640000,119640000,5982,19992,14018,5974,2.404328,0.7009
random,accuracy,0.8,0.80087,20000,159780000,79780000,3989,19992,16011,3981,3.004131,0.80055
random,accuracy,0.9,0.900505,20000,119960000,39960000,1998,19991,18002,1989,4.001334,0.9001
random,accuracy,0.95,0.949777,20000,100260000,20260000,1013,19991,18987,1004,4.787552,0.94935
random,accuracy,1.0,1.0,20000,80180000,180000,9,19991,19991,0,5.98653,0.99955
moe,none,0.0,0.0,1000,4423680000,884736000,884736,0,0,0,1.0,0.0
moe,next_page,0.9996,0.999577,1000,3539318000,374000,374,884736,884362,374,1.249868,0.999577
moe,accuracy,0.0,0.0,1000,4423680000,884736000,884736,884728,0,884728,1.0,0.0
moe,accuracy,0.1,0.100347,1000,4334900000,795956000,795956,884728,88780,795948,1.02048,0.100346
moe,accuracy,0.2,0.200758,1000,4246064000,707120000,707120,884728,177616,707112,1.041831,0.200756
moe,accuracy,0.3,0.300788,1000,4157564000,618620000,618620,884728,266116,618612,1.064008,0.300786
moe,accuracy,0.4,0.400825,1000,4069059000,530115000,530115,884728,354621,530107,1.087151,0.400821
moe,accuracy,0.5,0.500951,1000,3980475000,441531000,441531,884728,443205,441523,1.111345,0.500946
moe,accuracy,0.6,0.60077,1000,3892162000,353218000,353218,884728,531518,353210,1.136561,0.600765
moe,accuracy,0.7,0.700583,1000,3803855000,264911000,264911,884728,619825,264903,1.162947,0.700576
moe,accuracy,0.8,0.800466,1000,3715485000,176541000,176541,884728,708195,176533,1.190606,0.800459
moe,accuracy,0.9,0.900252,1000,3627202000,88258000,88258,884728,796478,88250,1.219585,0.900244
moe,accuracy,0.95,0.949974,1000,3583211000,44267000,44267,884728,840469,44259,1.234557,0.949966
moe,accuracy,1.0,1.0,1000,3538952000,8000,8,884728,884728,0,1.249997,0.999991
moe,none,0.0,0.0,2000,5308416000,1769472000,884736,0,0,0,1.0,0.0
moe,next_page,0.9996,0.999577,2000,3539692000,748000,374,884736,884362,374,1.499683,0.999577
moe,accuracy,0.0,0.0,2000,5308416000,1769472000,884736,884728,0,884728,1.0,0.0
moe,accuracy,0.1,0.100347,2000,5130856000,1591912000,795956,884728,88780,795948,1.034606,0.100346
moe,accuracy,0.2,0.200758,2000,4953184000,1414240000,707120,884728,177616,707112,1.071718,0.200756
moe,accuracy,0.3,0.300788,2000,4776184000,1237240000,618620,884728,266116,618612,1.111435,0.300786
moe,accuracy,0.4,0.400825,2000,4599174000,1060230000,530115,884728,354621,530107,1.154211,0.400821
moe,accuracy,0.5,0.500951,2000,4422006000,883062000,441531,884728,443205,441523,1.200454,0.500946
moe,accuracy,0.6,0.60077,2000,4245380000,706436000,353218,884728,531518,353210,1.250398,0.600765
moe,accuracy,0.7,0.700583,2000,4068766000,529822000,264911,884728,619825,264903,1.304675,0.700576
moe,accuracy,0.8,0.800466,2000,3892026000,353082000,176541,884728,708195,176533,1.363921,0.800459
moe,accuracy,0.9,0.900252,2000,3715460000,176516000,88258,884728,796478,88250,1.428737,0.900244
moe,accuracy,0.95,0.949974,2000,3627478000,88534000,44267,884728,840469,44259,1.46339,0.949966
moe,accuracy,1.0,1.0,2000,3538960000,16000,8,884728,884728,0,1.499993,0.999991
moe,none,0.0,0.0,4000,7077888000,3538944000,884736,0,0,0,1.0,0.0
moe,next_page,0.9996,0.999577,4000,3540440000,1496000,374,884736,884362,374,1.999155,0.999577
moe,accuracy,0.0,0.0,4000,7077888000,3538944000,884736,884728,0,884728,1.0,0.0
moe,accuracy,0.1,0.100347,4000,6722768000,3183824000,795956,884728,88780,795948,1.052823,0.100346
moe,accuracy,0.2,0.200758,4000,6367424000,2828480000,707120,884728,177616,707112,1.111578,0.200756
moe,accuracy,0.3,0.300788,4000,6013424000,2474480000,618620,884728,266116,618612,1.177015,0.300786
moe,accuracy,0.4,0.400825,4000,5659404000,2120460000,530115,884728,354621,530107,1.250642,0.400821
moe,accuracy,0.5,0.500951,4000,5305068000,1766124000,441531,884728,443205,441523,1.334175,0.500946
moe,accuracy,0.6,0.60077,4000,4951816000,1412872000,353218,884728,531518,353210,1.429352,0.600765
moe,accuracy,0.7,0.700583,4000,4598588000,1059644000,264911,884728,619825,264903,1.539144,0.700576
moe,accuracy,0.8,0.800466,4000,4245108000,706164000,176541,884728,708195,176533,1.667305,0.800459
moe,accuracy,0.9,0.900252,4000,3891976000,353032000,88258,884728,796478,88250,1.818585,0.900244
moe,accuracy,0.95,0.949974,4000,3716012000,177068000,44267,884728,840469,44259,1.9047,0.949966
moe,accuracy,1.0,1.0,4000,3538976000,32000,8,884728,884728,0,1.999982,0.999991
moe,none,0.0,0.0,5000,7962624000,4423680000,884736,0,0,0,1.0,0.0
moe,next_page,0.9996,0.999577,5000,3982808000,443864000,374,884736,884362,374,1.999249,0.899662
moe,accuracy,0.0,0.0,5000,7962624000,4423680000,884736,884728,0,884728,1.0,0.0
moe,accuracy,0.1,0.100347,5000,7518724000,3979780000,795956,884728,88780,795948,1.059039,0.100346
moe,accuracy,0.2,0.200758,5000,7074544000,3535600000,707120,884728,177616,707112,1.125532,0.200756
moe,accuracy,0.3,0.300788,5000,6632044000,3093100000,618620,884728,266116,618612,1.200629,0.300786
moe,accuracy,0.4,0.400825,5000,6189519000,2650575000,530115,884728,354621,530107,1.286469,0.400821
moe,accuracy,0.5,0.500951,5000,5746599000,2207655000,441531,884728,443205,441523,1.385624,0.500946
moe,accuracy,0.6,0.60077,5000,5305034000,1766090000,353218,884728,531518,353210,1.500956,0.600765
moe,accuracy,0.7,0.700583,5000,4863499000,1324555000,264911,884728,619825,264903,1.637221,0.700576
moe,accuracy,0.8,0.800466,5000,4421649000,882705000,176541,884728,708195,176533,1.800827,0.800459
moe,accuracy,0.9,0.900252,5000,3980234000,441290000,88258,884728,796478,88250,2.000542,0.900244
moe,accuracy,0.95,0.949974,5000,3760279000,221335000,44267,884728,840469,44259,2.117562,0.949966
moe,accuracy,1.0,1.0,5000,3538984000,40000,8,884728,884728,0,2.249975,0.999991
moe,none,0.0,0.0,10000,12386304000,8847360000,884736,0,0,0,1.0,0.0
moe,next_page,0.9996,0.999577,10000,6194648000,2655704000,374,884736,884362,374,1.999517,0.699831
moe,accuracy,0.0,0.0,10000,12386304000,8847360000,884736,884728,0,884728,1.0,0.0
moe,accuracy,0.1,0.100347,10000,11498504000,7959560000,795956,884728,88780,795948,1.07721,0.100346
moe,accuracy,0.2,0.200758,10000,10610144000,7071200000,707120,884728,177616,707112,1.167402,0.200756
moe,accuracy,0.3,0.300788,10000,9725144000,6186200000,618620,884728,266116,618612,1.273637,0.300786
moe,accuracy,0.4,0.400825,10000,8840094000,5301150000,530115,884728,354621,530107,1.401151,0.400821
moe,accuracy,0.5,0.500951,10000,7954254000,4415310000,441531,884728,443205,441523,1.557192,0.500946
moe,accuracy,0.6,0.60077,10000,7071124000,3532180000,353218,884728,531518,353210,1.751674,0.600765
moe,accuracy,0.7,0.700583,10000,6188054000,2649110000,264911,884728,619825,264903,2.001648,0.700576
moe,accuracy,0.8,0.800466,10000,5304354000,1765410000,176541,884728,708195,176533,2.33512,0.800459
moe,accuracy,0.9,0.900252,10000,4421524000,882580000,88258,884728,796478,88250,2.801365,0.900244
moe,accuracy,0.95,0.949974,10000,3981614000,442670000,44267,884728,840469,44259,3.110875,0.949966
moe,accuracy,1.0,1.0,10000,3539024000,80000,8,884728,884728,0,3.499921,0.999991
moe,none,0.0,0.0,20000,21233664000,17694720000,884736,0,0,0,1.0,0.0
moe,next_page,0.9996,0.999577,20000,10618328000,7079384000,374,884736,884362,374,1.999718,0.599915
moe,accuracy,0.0,0.0,20000,21233664000,17694720000,884736,884728,0,884728,1.0,0.0
moe,accuracy,0.1,0.100347,20000,19458064000,15919120000,795956,884728,88780,795948,1.091253,0.100346
moe,accuracy,0.2,0.200758,20000,17681344000,14142400000,707120,884728,177616,707112,1.200908,0.200756
moe,accuracy,0.3,0.300788,20000,15911344000,12372400000,618620,884728,266116,618612,1.334498,0.300786
moe,accuracy,0.4,0.400825,20000,14141244000,10602300000,530115,884728,354621,530107,1.501541,0.400821
moe,accuracy,0.5,0.500951,20000,12369564000,8830620000,441531,884728,443205,441523,1.716606,0.500946
moe,accuracy,0.6,0.60077,20000,10603304000,7064360000,353218,884728,531518,353210,2.002552,0.600765
moe,accuracy,0.7,0.700583,20000,8837164000,5298220000,264911,884728,619825,264903,2.402769,0.700576
moe,accuracy,0.8,0.800466,20000,7069764000,3530820000,176541,884728,708195,176533,3.003447,0.800459
moe,accuracy,0.9,0.900252,20000,5304104000,1765160000,88258,884728,796478,88250,4.003252,0.900244
moe,accuracy,0.95,0.949974,20000,4424284000,885340000,44267,884728,840469,44259,4.799345,0.949966
moe,accuracy,1.0,1.0,20000,3539104000,160000,8,884728,884728,0,5.999729,0.999991
